"League","Match_Date","Matchweek","Home_Team","Home_Formation","Home_Score","Home_xG","Home_Goals","Home_Yellow_Cards","Home_Red_Cards","Away_Team","Away_Formation","Away_Score","Away_xG","Away_Goals","Away_Yellow_Cards","Away_Red_Cards","Game_URL","Team","Home_Away","Event_Time","Is_Pens","Event_Half","Event_Type","Event_Players","Score_Progression","Penalty_Number","player_name_goal","player_name_ast","player_name_pen","year"
"AFC Asian Cup","2019-01-05","AFC Asian Cup (Group stage)","United Arab Emirates","4-4-1-1",1,NA,"Ahmed Khalil (P) · 88&rsquor;","2","0","Bahrain","4-4-2",1,NA,"Mohamed Al Romaihi · 78&rsquor;","0","0","https://fbref.com/en/matches/c37c00bb/United-Arab-Emirates-Bahrain-January-5-2019-Asian-Cup","United Arab Emirates","Home",88,FALSE,2,"Penalty","Ahmed Khalil Penalty Kick","1:1",NA,NA,NA,"Ahmed Khalil",2019
"AFC Asian Cup","2019-01-06","AFC Asian Cup (Group stage)","Thailand","4-2-3-1",1,NA,"Teerasil Dangda · 33&rsquor;","2","0","India","4-4-2",4,NA,"Sunil Chhetri (P) · 27&rsquor; Sunil Chhetri · 46&rsquor; Anirudh Thapa · 68&rsquor; Jeje Lalpekhlua · 80&rsquor;","0","0","https://fbref.com/en/matches/fe455b8f/Thailand-India-January-6-2019-Asian-Cup","India","Away",27,FALSE,1,"Penalty","Sunil Chhetri Penalty Kick -","0:1",NA,NA,NA,"Sunil Chhetri",2019
"AFC Asian Cup","2019-01-09","AFC Asian Cup (Group stage)","Japan","4-2-3-1",3,NA,"Yuya Osako · 56&rsquor; Yuya Osako · 60&rsquor; Ritsu Doan · 71&rsquor;","2","0","Turkmenistan","5-4-1",2,NA,"Arslanmyrat Amanow · 26&rsquor; Ahmet Ataýew (P) · 79&rsquor;","1","0","https://fbref.com/en/matches/08f785da/Japan-Turkmenistan-January-9-2019-Asian-Cup","Turkmenistan","Away",79,FALSE,2,"Penalty","Ahmet Atayew Penalty Kick","3:2",NA,NA,NA,"Ahmet Atayew",2019
"AFC Asian Cup","2019-01-13","AFC Asian Cup (Group stage)","Oman","4-2-3-1",0,NA,"","3","0","Japan","4-2-3-1",1,NA,"Genki Haraguchi (P) · 28&rsquor;","2","0","https://fbref.com/en/matches/f820713c/Oman-Japan-January-13-2019-Asian-Cup","Japan","Away",28,FALSE,1,"Penalty","Genki Haraguchi Penalty Kick","0:1",NA,NA,NA,"Genki Haraguchi",2019
"AFC Asian Cup","2019-01-14","AFC Asian Cup (Group stage)","India","4-4-1-1",0,NA,"","0","0","Bahrain","4-2-3-1",1,NA,"Jamal Rashid (P) · 90+1&rsquor;","2","0","https://fbref.com/en/matches/259966ba/India-Bahrain-January-14-2019-Asian-Cup","Bahrain","Away",91,FALSE,2,"Penalty","Jamal Rashid Penalty Kick","0:1",NA,NA,NA,"Jamal Rashid",2019
"AFC Asian Cup","2019-01-15","AFC Asian Cup (Group stage)","Australia","4-2-3-1",3,NA,"Awer Mabil · 41&rsquor; Chris Ikonomidis · 54&rsquor; Tom Rogic · 90+3&rsquor;","1","0","Syria","4-4-1-1",2,NA,"Omar Kharbin · 43&rsquor; Omar Al Somah (P) · 80&rsquor;","1","0","https://fbref.com/en/matches/1e8f658c/Australia-Syria-January-15-2019-Asian-Cup","Syria","Away",80,FALSE,2,"Penalty","Omar Al Somah Penalty Kick","2:2",NA,NA,NA,"Omar Al Somah",2019
"AFC Asian Cup","2019-01-16","AFC Asian Cup (Group stage)","Korea Republic","4-2-3-1",2,NA,"Hwang Ui-jo (P) · 14&rsquor; Kim Min-jae · 51&rsquor;","0","0","China PR","4-3-3",0,NA,"","4","0","https://fbref.com/en/matches/4e0ce35f/Korea-Republic-China-PR-January-16-2019-Asian-Cup","Korea Republic","Home",14,FALSE,1,"Penalty","Hwang Ui-jo Penalty Kick -","1:0",NA,NA,NA,"Hwang Ui-jo",2019
"AFC Asian Cup","2019-01-16","AFC Asian Cup (Group stage)","Vietnam","5-4-1",2,NA,"Nguy<U+1EC5>n Quang H<U+1EA3>i · 38&rsquor; Qu<U+1EBF> Ng<U+1ECD>c H<U+1EA3>i (P) · 64&rsquor;","1","0","Yemen","5-4-1",0,NA,"","3","0","https://fbref.com/en/matches/de573890/Vietnam-Yemen-January-16-2019-Asian-Cup","Vietnam","Home",64,FALSE,2,"Penalty","Que Ngoc Hai Penalty Kick","2:0",NA,NA,NA,"Que Ngoc Hai",2019
"AFC Asian Cup","2019-01-17","AFC Asian Cup (Group stage)","Saudi Arabia","4-1-4-1",0,NA,"","2","0","Qatar","3-5-2",2,NA,"Almoez Ali · 45+1&rsquor; Almoez Ali · 80&rsquor;","3","0","https://fbref.com/en/matches/4a292493/Saudi-Arabia-Qatar-January-17-2019-Asian-Cup","Qatar","Away",42,FALSE,1,"Penalty","Hassan Al-Haydos Penalty saved by Mohammed Al-Owais","0:0",NA,NA,NA,"Hassan Al-Haydos",2019
"AFC Asian Cup","2019-01-17","AFC Asian Cup (Group stage)","Lebanon","4-3-3",4,NA,"Felix Michel · 27&rsquor; Hilal El-Helwe · 65&rsquor; Hassan Maatouk (P) · 80&rsquor; Hilal El-Helwe · 90+8&rsquor;","2","0","Korea DPR","4-2-3-1",1,NA,"Pak Kwang-ryong · 9&rsquor;","4","0","https://fbref.com/en/matches/388e80cd/Lebanon-Korea-DPR-January-17-2019-Asian-Cup","Lebanon","Home",80,FALSE,2,"Penalty","Hassan Maatouk Penalty Kick","3:1",NA,NA,NA,"Hassan Maatouk",2019
"AFC Asian Cup","2019-01-20","AFC Asian Cup (Round of 16)","Thailand","3-4-1-2",1,NA,"Supachai Jaided · 31&rsquor;","3","0","China PR","4-3-3",2,NA,"Xiao Zhi · 67&rsquor; Gao Lin (P) · 71&rsquor;","4","0","https://fbref.com/en/matches/992d6ca2/Thailand-China-PR-January-20-2019-Asian-Cup","China PR","Away",71,FALSE,2,"Penalty","Gao Lin Penalty Kick","1:2",NA,NA,NA,"Gao Lin",2019
"AFC Asian Cup","2019-01-20","AFC Asian Cup (Round of 16)","IR Iran","4-4-1-1",2,NA,"Alireza Jahanbakhsh · 32&rsquor; Ashkan Dejagah (P) · 41&rsquor;","2","0","Oman","4-4-2",0,NA,"","1","0","https://fbref.com/en/matches/a864acca/IR-Iran-Oman-January-20-2019-Asian-Cup","Oman","Away",3,FALSE,1,"Penalty","Ahmed Mubarak Al-Mahaijri Penalty saved by Alireza Beiranvand","0:0",NA,NA,NA,"Ahmed Mubarak Al-Mahaijri",2019
"AFC Asian Cup","2019-01-20","AFC Asian Cup (Round of 16)","IR Iran","4-4-1-1",2,NA,"Alireza Jahanbakhsh · 32&rsquor; Ashkan Dejagah (P) · 41&rsquor;","2","0","Oman","4-4-2",0,NA,"","1","0","https://fbref.com/en/matches/a864acca/IR-Iran-Oman-January-20-2019-Asian-Cup","IR Iran","Home",41,FALSE,1,"Penalty","Ashkan Dejagah Penalty Kick","2:0",NA,NA,NA,"Ashkan Dejagah",2019
"AFC Asian Cup","2019-01-21","AFC Asian Cup (Round of 16)","United Arab Emirates","4-3-3",3,NA,"Khamis Esmaeel · 14&rsquor; Ali Mabkhout · 64&rsquor; Ahmed Khalil (P) · 103&rsquor;","1","0","Kyrgyz Republic","4-5-1",2,NA,"Mirlan Murzaev · 26&rsquor; Tursunali Rustamov · 90+1&rsquor;","3","0","https://fbref.com/en/matches/a586fce8/United-Arab-Emirates-Kyrgyz-Republic-January-21-2019-Asian-Cup","United Arab Emirates","Home",103,FALSE,3,"Penalty","Ahmed Khalil Penalty Kick","3:2",NA,NA,NA,"Ahmed Khalil",2019
"AFC Asian Cup","2019-01-24","AFC Asian Cup (Quarter-finals)","Vietnam","5-4-1",0,NA,"","2","0","Japan","4-4-2",1,NA,"Ritsu Doan (P) · 57&rsquor;","0","0","https://fbref.com/en/matches/76aab1c3/Vietnam-Japan-January-24-2019-Asian-Cup","Japan","Away",57,FALSE,2,"Penalty","Ritsu Doan Penalty Kick","0:1",NA,NA,NA,"Ritsu Doan",2019
"AFC Asian Cup","2019-01-28","AFC Asian Cup (Semi-finals)","IR Iran","4-2-3-1",0,NA,"","3","0","Japan","4-4-2",3,NA,"Yuya Osako · 56&rsquor; Yuya Osako (P) · 67&rsquor; Genki Haraguchi · 90+1&rsquor;","2","0","https://fbref.com/en/matches/0c55b545/IR-Iran-Japan-January-28-2019-Asian-Cup","Japan","Away",67,FALSE,2,"Penalty","Yuya Osako Penalty Kick","0:2",NA,NA,NA,"Yuya Osako",2019
"AFC Asian Cup","2019-02-01","AFC Asian Cup (Final)","Japan","4-4-2",1,NA,"Takumi Minamino · 69&rsquor;","3","0","Qatar","5-3-2",3,NA,"Almoez Ali · 12&rsquor; Abdulaziz Hatem · 27&rsquor; Akram Afif (P) · 83&rsquor;","2","0","https://fbref.com/en/matches/a7940000/Japan-Qatar-February-1-2019-Asian-Cup","Qatar","Away",83,FALSE,2,"Penalty","Akram Afif Penalty Kick","1:3",NA,NA,NA,"Akram Afif",2019
"AFC Asian Cup qualification","2022-06-08","AFC Asian Cup qualification (Third round)","Tajikistan","4-1-4-1",4,NA,"Servoni Mabatsoev · 9&rsquor; Manuchekhr Dzhalilov (P) · 56&rsquor; Servoni Mabatsoev · 57&rsquor; Ehson Panjshanbe · 84&rsquor;","0","0","Myanmar","3-4-3",0,NA,"Soe Moe Kyaw · 53&rsquor;","3","1","https://fbref.com/en/matches/64571a14/Tajikistan-Myanmar-June-8-2022-AFC-Asian-Cup-qualification","Tajikistan","Home",56,FALSE,2,"Penalty","Manuchekhr Dzhalilov Penalty Kick","2:0",NA,NA,NA,"Manuchekhr Dzhalilov",2023
"AFC Asian Cup qualification","2022-06-08","AFC Asian Cup qualification (Third round)","Palestine","4-1-4-1",1,NA,"Oday Dabbagh (P) · 86&rsquor;","0","0","Mongolia","5-3-2",0,NA,"","0","0","https://fbref.com/en/matches/e3541d5a/Palestine-Mongolia-June-8-2022-AFC-Asian-Cup-qualification","Palestine","Home",86,FALSE,2,"Penalty","Oday Dabbagh Penalty Kick","1:0",NA,NA,NA,"Oday Dabbagh",2023
"AFC Asian Cup qualification","2022-06-08","AFC Asian Cup qualification (Third round)","Kuwait","4-2-2-2",1,NA,"Yousef Nasser · 40&rsquor;","2","0","Indonesia","3-4-3",2,NA,"Marc Klok (P) · 44&rsquor; Rachmat Irianto · 46&rsquor;","1","0","https://fbref.com/en/matches/0a02bb0d/Kuwait-Indonesia-June-8-2022-AFC-Asian-Cup-qualification","Indonesia","Away",44,FALSE,1,"Penalty","Marc Klok Penalty Kick","1:1",NA,NA,NA,"Marc Klok",2023
"AFC Asian Cup qualification","2022-06-08","AFC Asian Cup qualification (Third round)","India","4-2-3-1",2,NA,"Sunil Chhetri (P) · 13&rsquor; Sunil Chhetri · 59&rsquor;","2","0","Cambodia","5-3-2",0,NA,"","0","0","https://fbref.com/en/matches/088eedf4/India-Cambodia-June-8-2022-AFC-Asian-Cup-qualification","India","Home",13,FALSE,1,"Penalty","Sunil Chhetri Penalty Kick","1:0",NA,NA,NA,"Sunil Chhetri",2023
"AFC Asian Cup qualification","2022-06-08","AFC Asian Cup qualification (Third round)","Kyrgyz Republic","4-1-4-1",2,NA,"Valery Kichin (P) · 77&rsquor; Viktor Maier · 81&rsquor;","4","0","Singapore","3-4-1-2",1,NA,"Song Ui-young · 55&rsquor;","3","0","https://fbref.com/en/matches/5632ee63/Kyrgyz-Republic-Singapore-June-8-2022-AFC-Asian-Cup-qualification","Kyrgyz Republic","Home",77,FALSE,2,"Penalty","Valery Kichin Penalty Kick","1:1",NA,NA,NA,"Valery Kichin",2023
"AFC Asian Cup qualification","2022-06-08","AFC Asian Cup qualification (Third round)","Jordan","4-1-4-1",2,NA,"Ali Olwan · 69&rsquor; Hamza Al-Dardour (P) · 82&rsquor;","0","0","Nepal","4-1-4-1",0,NA,"","1","0","https://fbref.com/en/matches/a7755abe/Jordan-Nepal-June-8-2022-AFC-Asian-Cup-qualification","Jordan","Home",44,FALSE,1,"Penalty","Musa Al-Taamari Penalty saved by Deep Karki -","0:0",NA,NA,NA,"Musa Al-Taamari",2023
"AFC Asian Cup qualification","2022-06-08","AFC Asian Cup qualification (Third round)","Jordan","4-1-4-1",2,NA,"Ali Olwan · 69&rsquor; Hamza Al-Dardour (P) · 82&rsquor;","0","0","Nepal","4-1-4-1",0,NA,"","1","0","https://fbref.com/en/matches/a7755abe/Jordan-Nepal-June-8-2022-AFC-Asian-Cup-qualification","Jordan","Home",82,FALSE,2,"Penalty","Hamza Al-Dardour Penalty Kick","2:0",NA,NA,NA,"Hamza Al-Dardour",2023
"AFC Asian Cup qualification","2022-06-11","AFC Asian Cup qualification (Third round)","Malaysia","4-1-4-1",1,NA,"Mohamadou Sumareh · 55&rsquor;","0","0","Bahrain","4-1-4-1",2,NA,"Ali Haram · 57&rsquor; Abdulla Yusuf Helal (P) · 81&rsquor;","3","0","https://fbref.com/en/matches/4ba6ea9c/Malaysia-Bahrain-June-11-2022-AFC-Asian-Cup-qualification","Bahrain","Away",81,FALSE,2,"Penalty","Abdulla Yusuf Helal Penalty Kick","1:2",NA,NA,NA,"Abdulla Yusuf Helal",2023
"AFC Asian Cup qualification","2022-06-11","AFC Asian Cup qualification (Third round)","Indonesia","3-4-3",0,NA,"","2","0","Jordan","4-1-4-1",1,NA,"Yazan Al Naimat · 48&rsquor;","1","0","https://fbref.com/en/matches/46a5e47e/Indonesia-Jordan-June-11-2022-AFC-Asian-Cup-qualification","Jordan","Away",80,FALSE,2,"Penalty","Mohammad Sharara Penalty saved by Nadeo Argawinata","0:1",NA,NA,NA,"Mohammad Sharara",2023
"AFC Asian Cup qualification","2022-06-14","AFC Asian Cup qualification (Third round)","Bahrain","4-1-4-1",1,NA,"Abdulla Yusuf Helal (P) · 23&rsquor;","1","0","Turkmenistan","5-3-2",0,NA,"","0","0","https://fbref.com/en/matches/2b42fbc1/Bahrain-Turkmenistan-June-14-2022-AFC-Asian-Cup-qualification","Bahrain","Home",23,FALSE,1,"Penalty","Abdulla Yusuf Helal Penalty Kick -","1:0",NA,NA,NA,"Abdulla Yusuf Helal",2023
"AFC Asian Cup qualification","2022-06-14","AFC Asian Cup qualification (Third round)","Malaysia","4-1-4-1",4,NA,"Safawi Rasid (P) · 16&rsquor; Dion Cools · 38&rsquor; Syafiq Ahmad · 47&rsquor; Darren Lok · 73&rsquor;","1","0","Bangladesh","4-1-4-1",1,NA,"Mohammad Ibrahim · 31&rsquor;","1","0","https://fbref.com/en/matches/f97343e8/Malaysia-Bangladesh-June-14-2022-AFC-Asian-Cup-qualification","Malaysia","Home",16,FALSE,1,"Penalty","Safawi Rasid Penalty Kick","1:0",NA,NA,NA,"Safawi Rasid",2023
"AFC Asian Cup qualification","2017-03-28","AFC Asian Cup qualification (Third round)","Oman",NA,14,NA,"Abdul Aziz Al-Muqbali · 2&rsquor; Ahmed Mubarak Al-Mahaijri · 25&rsquor; Mohsin Al-Khaldi · 30&rsquor; Abdul Aziz Al-Muqbali · 35&rsquor; Abdul Aziz Al-Muqbali · 40&rsquor; Abdul Aziz Al-Muqbali · 43&rsquor; Nadir Bait Mabrook · 44&rsquor; Biren Basnet (OG) · 54&rsquor; Abdul Aziz Al-Muqbali · 68&rsquor; Khalid Al-Hajri · 70&rsquor; Khalid Al-Hajri · 74&rsquor; Abdul Aziz Al-Muqbali · 85&rsquor; Khalid Al-Hajri (P) · 90+1&rsquor; Khalid Al-Hajri · 90+2&rsquor;","0","0","Bhutan",NA,0,NA,"","0","0","https://fbref.com/en/matches/3705199b/Oman-Bhutan-March-28-2017-AFC-Asian-Cup-qualification","Oman","Home",91,FALSE,2,"Penalty","Khalid Al-Hajri Penalty Kick","3:0",NA,NA,NA,"Khalid Al-Hajri",2019
"AFC Asian Cup qualification","2017-06-13","AFC Asian Cup qualification (Third round)","Tajikistan",NA,3,NA,"Parvizdzhon Umarbayev (P) · 57&rsquor; Dilshod Vasiev · 61&rsquor; Manuchekhr Dzhalilov · 90&rsquor;","0","0","Philippines",NA,4,NA,"James Younghusband · 28&rsquor; Javier Patiño · 41&rsquor; Javier Patiño · 48&rsquor; Daisuke Sato · 79&rsquor;","4","0","https://fbref.com/en/matches/ac4bf120/Tajikistan-Philippines-June-13-2017-AFC-Asian-Cup-qualification","Tajikistan","Home",57,FALSE,2,"Penalty","Parvizdzhon Umarbayev Penalty Kick","1:3",NA,NA,NA,"Parvizdzhon Umarbayev",2019
"AFC Asian Cup qualification","2017-09-05","AFC Asian Cup qualification (Third round)","Jordan",NA,4,NA,"Saeed Murjan · 24&rsquor; Odai Al-Saify · 33&rsquor; Yaseen Al Bakheet (P) · 45&rsquor; Hamza Al-Dardour · 89&rsquor;","1","0","Afghanistan",NA,1,NA,"Zubayr Amiri (P) · 73&rsquor;","3","0","https://fbref.com/en/matches/f63199e1/Jordan-Afghanistan-September-5-2017-AFC-Asian-Cup-qualification","Jordan","Home",45,FALSE,1,"Penalty","Yaseen Al Bakheet Penalty Kick","3:0",NA,NA,NA,"Yaseen Al Bakheet",2019
"AFC Asian Cup qualification","2017-09-05","AFC Asian Cup qualification (Third round)","Jordan",NA,4,NA,"Saeed Murjan · 24&rsquor; Odai Al-Saify · 33&rsquor; Yaseen Al Bakheet (P) · 45&rsquor; Hamza Al-Dardour · 89&rsquor;","1","0","Afghanistan",NA,1,NA,"Zubayr Amiri (P) · 73&rsquor;","3","0","https://fbref.com/en/matches/f63199e1/Jordan-Afghanistan-September-5-2017-AFC-Asian-Cup-qualification","Afghanistan","Away",73,FALSE,2,"Penalty","Zubayr Amiri Penalty Kick","3:1",NA,NA,NA,"Zubayr Amiri",2019
"AFC Asian Cup qualification","2017-10-10","AFC Asian Cup qualification (Third round)","Afghanistan",NA,3,NA,"Mohannad Khairullah (OG) · 15&rsquor; Haroon Amiri · 64&rsquor; Khaibar Amani · 81&rsquor;","2","0","Jordan",NA,3,NA,"Munther Abu Amarah · 40&rsquor; Odai Al-Saify (P) · 43&rsquor; Mohannad Khairullah · 86&rsquor;","3","0","https://fbref.com/en/matches/d46abcd0/Afghanistan-Jordan-October-10-2017-AFC-Asian-Cup-qualification","Jordan","Away",43,FALSE,1,"Penalty","Odai Al-Saify Penalty Kick","1:2",NA,NA,NA,"Odai Al-Saify",2019
"AFC Asian Cup qualification","2017-10-10","AFC Asian Cup qualification (Third round)","Palestine",NA,10,NA,"Abdelatif Bahdari · 4&rsquor; Abdullah Jaber · 6&rsquor; Tamer Seyam · 22&rsquor; Sameh Maraaba · 29&rsquor; Abdelatif Bahdari · 40&rsquor; Abdelatif Bahdari · 44&rsquor; Khaled Salem (P) · 48&rsquor; Mohammed Natour · 60&rsquor; Jonathan Cantillana · 62&rsquor; Jonathan Cantillana · 69&rsquor;","0","0","Bhutan",NA,0,NA,"","0","0","https://fbref.com/en/matches/af8b1a55/Palestine-Bhutan-October-10-2017-AFC-Asian-Cup-qualification","Palestine","Home",48,FALSE,2,"Penalty","Khaled Salem Penalty Kick","7:0",NA,NA,NA,"Khaled Salem",2019
"AFC Asian Cup qualification","2017-10-10","AFC Asian Cup qualification (Third round)","Tajikistan",NA,3,NA,"Nuriddin Davronov (P) · 20&rsquor; Parvizdzhon Umarbayev (P) · 60&rsquor; Manuchekhr Dzhalilov · 87&rsquor;","1","0","Nepal",NA,0,NA,"","2","0","https://fbref.com/en/matches/2f0b29bd/Tajikistan-Nepal-October-10-2017-AFC-Asian-Cup-qualification","Tajikistan","Home",20,FALSE,1,"Penalty","Nuriddin Davronov Penalty Kick -","1:0",NA,NA,NA,"Nuriddin Davronov",2019
"AFC Asian Cup qualification","2017-10-10","AFC Asian Cup qualification (Third round)","Tajikistan",NA,3,NA,"Nuriddin Davronov (P) · 20&rsquor; Parvizdzhon Umarbayev (P) · 60&rsquor; Manuchekhr Dzhalilov · 87&rsquor;","1","0","Nepal",NA,0,NA,"","2","0","https://fbref.com/en/matches/2f0b29bd/Tajikistan-Nepal-October-10-2017-AFC-Asian-Cup-qualification","Tajikistan","Home",60,FALSE,2,"Penalty","Parvizdzhon Umarbayev Penalty Kick","2:0",NA,NA,NA,"Parvizdzhon Umarbayev",2019
"AFC Asian Cup qualification","2017-10-10","AFC Asian Cup qualification (Third round)","Chinese Taipei",NA,2,NA,"Chen Po-liang · 90&rsquor; Onur Dogan · 90+2&rsquor;","2","0","Bahrain",NA,1,NA,"Ismail Abdullatif (P) · 17&rsquor;","2","0","https://fbref.com/en/matches/6acd8cd3/Chinese-Taipei-Bahrain-October-10-2017-AFC-Asian-Cup-qualification","Bahrain","Away",17,FALSE,1,"Penalty","Ismail Abdullatif Penalty Kick -","0:1",NA,NA,NA,"Ismail Abdullatif",2019
"AFC Asian Cup qualification","2017-10-10","AFC Asian Cup qualification (Third round)","Myanmar",NA,2,NA,"Aung Thu · 52&rsquor; Kyaw Ko Ko · 90+2&rsquor;","2","0","Kyrgyz Republic",NA,2,NA,"Anton Zemlyanuhin (P) · 9&rsquor; Viktor Maier · 49&rsquor;","3","0","https://fbref.com/en/matches/a6a4bf36/Myanmar-Kyrgyz-Republic-October-10-2017-AFC-Asian-Cup-qualification","Kyrgyz Republic","Away",9,FALSE,1,"Penalty","Anton Zemlyanuhin Penalty Kick -","0:1",NA,NA,NA,"Anton Zemlyanuhin",2019
"AFC Asian Cup qualification","2017-11-10","AFC Asian Cup qualification (Third round)","Korea DPR",NA,4,NA,"Pak Kwang-ryong (P) · 12&rsquor; Kim Yu-song · 42&rsquor; Kim Yong-Il · 48&rsquor; Jong Il-gwan · 59&rsquor;","1","0","Malaysia",NA,1,NA,"Safawi Rasid · 67&rsquor;","2","0","https://fbref.com/en/matches/f040223e/Korea-DPR-Malaysia-November-10-2017-AFC-Asian-Cup-qualification","Korea DPR","Home",12,FALSE,1,"Penalty","Pak Kwang-ryong Penalty Kick -","1:0",NA,NA,NA,"Pak Kwang-ryong",2019
"AFC Asian Cup qualification","2017-11-14","AFC Asian Cup qualification (Third round)","Macau",NA,3,NA,"Chan Pak Chun · 72&rsquor; Niki Torrão (P) · 79&rsquor; Carlos Leonel · 87&rsquor;","1","0","Kyrgyz Republic",NA,4,NA,"Anton Zemlyanuhin (P) · 25&rsquor; Vitalij Lux · 36&rsquor; Anton Zemlyanuhin · 55&rsquor; Mirlan Murzaev · 84&rsquor;","0","0","https://fbref.com/en/matches/e767dc44/Macau-Kyrgyz-Republic-November-14-2017-AFC-Asian-Cup-qualification","Kyrgyz Republic","Away",25,FALSE,1,"Penalty","Anton Zemlyanuhin Penalty Kick","0:1",NA,NA,NA,"Anton Zemlyanuhin",2019
"AFC Asian Cup qualification","2017-11-14","AFC Asian Cup qualification (Third round)","Macau",NA,3,NA,"Chan Pak Chun · 72&rsquor; Niki Torrão (P) · 79&rsquor; Carlos Leonel · 87&rsquor;","1","0","Kyrgyz Republic",NA,4,NA,"Anton Zemlyanuhin (P) · 25&rsquor; Vitalij Lux · 36&rsquor; Anton Zemlyanuhin · 55&rsquor; Mirlan Murzaev · 84&rsquor;","0","0","https://fbref.com/en/matches/e767dc44/Macau-Kyrgyz-Republic-November-14-2017-AFC-Asian-Cup-qualification","Macau","Home",79,FALSE,2,"Penalty","Niki Torrao Penalty Kick","2:3",NA,NA,NA,"Niki Torrao",2019
"AFC Asian Cup qualification","2017-11-14","AFC Asian Cup qualification (Third round)","India",NA,2,NA,"Sunil Chhetri (P) · 13&rsquor; Jeje Lalpekhlua · 69&rsquor;","2","0","Myanmar",NA,2,NA,"Yan Naing Oo · 1&rsquor; Kyaw Ko Ko · 19&rsquor;","1","0","https://fbref.com/en/matches/f2992293/India-Myanmar-November-14-2017-AFC-Asian-Cup-qualification","India","Home",13,FALSE,1,"Penalty","Sunil Chhetri Penalty Kick","1:1",NA,NA,NA,"Sunil Chhetri",2019
"AFC Asian Cup qualification","2017-11-14","AFC Asian Cup qualification (Third round)","Hong Kong","5-3-2",0,NA,"Tan Chun Lok · 41&rsquor;","3","1","Lebanon","Lebanon",1,NA,"Hassan Maatouk (P) · 43&rsquor;","2","0","https://fbref.com/en/matches/3cce8695/Hong-Kong-Lebanon-November-14-2017-AFC-Asian-Cup-qualification","Lebanon","Away",43,FALSE,1,"Penalty","Hassan Maatouk Penalty Kick","0:1",NA,NA,NA,"Hassan Maatouk",2019
"AFC Asian Cup qualification","2018-03-27","AFC Asian Cup qualification (Third round)","Lebanon",NA,2,NA,"Hassan Maatouk (P) · 19&rsquor; Hilal El-Helwe · 90+4&rsquor;","0","0","Malaysia",NA,1,NA,"Syafiq Ahmad · 72&rsquor;","1","0","https://fbref.com/en/matches/5a0708e9/Lebanon-Malaysia-March-27-2018-AFC-Asian-Cup-qualification","Lebanon","Home",19,FALSE,1,"Penalty","Hassan Maatouk Penalty Kick -","1:0",NA,NA,NA,"Hassan Maatouk",2019
"AFC Asian Cup qualification","2018-03-27","AFC Asian Cup qualification (Third round)","Philippines",NA,2,NA,"Kevin Ingreso · 74&rsquor; Phil Younghusband (P) · 90+1&rsquor; Dennis Villanueva · 90+4&rsquor;","1","1","Tajikistan",NA,1,NA,"Ahtam Nazarov (P) · 64&rsquor; Fatkhullo Fatkhuloev · 90+4&rsquor;","3","1","https://fbref.com/en/matches/e8348e58/Philippines-Tajikistan-March-27-2018-AFC-Asian-Cup-qualification","Tajikistan","Away",64,FALSE,2,"Penalty","Ahtam Nazarov Penalty Kick","0:1",NA,NA,NA,"Ahtam Nazarov",2019
"AFC Asian Cup qualification","2018-03-27","AFC Asian Cup qualification (Third round)","Philippines",NA,2,NA,"Kevin Ingreso · 74&rsquor; Phil Younghusband (P) · 90+1&rsquor; Dennis Villanueva · 90+4&rsquor;","1","1","Tajikistan",NA,1,NA,"Ahtam Nazarov (P) · 64&rsquor; Fatkhullo Fatkhuloev · 90+4&rsquor;","3","1","https://fbref.com/en/matches/e8348e58/Philippines-Tajikistan-March-27-2018-AFC-Asian-Cup-qualification","Philippines","Home",91,FALSE,2,"Penalty","Phil Younghusband Penalty Kick","2:1",NA,NA,NA,"Phil Younghusband",2019
"FIFA World Cup Qualification — AFC","2023-10-12","FIFA World Cup Qualification — AFC (First round), Leg 1 of 2Aggregate: Indonesia 12:0 BruneiIndonesia won on aggregate score over two legs(Leg 2: Brunei 0:6 Indonesia)","Indonesia","4-2-2-2",6,NA,"Dimas Drajad · 7&rsquor; Rizky Ridho · 12&rsquor; Ramadhan Sananta (P) · 63&rsquor; Ramadhan Sananta · 67&rsquor; Dimas Drajad · 72&rsquor; Dimas Drajad · 90+1&rsquor;","0","0","Brunei Darussalam","4-1-4-1",0,NA,"","1","0","https://fbref.com/en/matches/87e91b99/Indonesia-Brunei-Darussalam-October-12-2023-WCQ----AFC-M","Indonesia","Home",63,FALSE,2,"Penalty","Ramadhan Sananta Penalty Kick","3:0",NA,NA,NA,"Ramadhan Sananta",2026
"FIFA World Cup Qualification — AFC","2023-10-17","FIFA World Cup Qualification — AFC (First round), Leg 2 of 2Aggregate: Brunei 0:12 IndonesiaIndonesia won on aggregate score over two legs(Leg 1: Indonesia 6:0 Brunei)","Brunei Darussalam","4-1-4-1",0,NA,"","3","0","Indonesia","4-2-2-2",6,NA,"Hokky Caraka · 6&rsquor; Egy Maulana · 42&rsquor; Hokky Caraka · 44&rsquor; Witan Sulaeman (P) · 47&rsquor; Rizky Ridho · 64&rsquor; Ramadhan Sananta · 82&rsquor;","1","0","https://fbref.com/en/matches/30046c5a/Brunei-Darussalam-Indonesia-October-17-2023-WCQ----AFC-M","Indonesia","Away",47,FALSE,2,"Penalty","Witan Sulaeman Penalty Kick","0:4",NA,NA,NA,"Witan Sulaeman",2026
"FIFA World Cup Qualification — AFC","2023-11-16","FIFA World Cup Qualification — AFC (Second round)","Qatar","4-1-4-1",8,NA,"Hassan Al-Haydos · 11&rsquor; Almoez Ali · 15&rsquor; Mostafa Meshaal · 18&rsquor; Almoez Ali · 26&rsquor; Almoez Ali (P) · 33&rsquor; Almoez Ali (P) · 45+3&rsquor; Ahmed Alaaeldin (P) · 53&rsquor; Tameem Mansour · 90+4&rsquor;","0","0","Afghanistan","4-2-2-2",1,NA,"Amredin Sharifi · 13&rsquor; Farzad Ataie · 90+5&rsquor;","6","1","https://fbref.com/en/matches/d3b2f56c/Qatar-Afghanistan-November-16-2023-WCQ----AFC-M","Qatar","Home",33,FALSE,1,"Penalty","Almoez Ali Penalty Kick","5:1",NA,NA,NA,"Almoez Ali",2026
"FIFA World Cup Qualification — AFC","2023-11-16","FIFA World Cup Qualification — AFC (Second round)","Qatar","4-1-4-1",8,NA,"Hassan Al-Haydos · 11&rsquor; Almoez Ali · 15&rsquor; Mostafa Meshaal · 18&rsquor; Almoez Ali · 26&rsquor; Almoez Ali (P) · 33&rsquor; Almoez Ali (P) · 45+3&rsquor; Ahmed Alaaeldin (P) · 53&rsquor; Tameem Mansour · 90+4&rsquor;","0","0","Afghanistan","4-2-2-2",1,NA,"Amredin Sharifi · 13&rsquor; Farzad Ataie · 90+5&rsquor;","6","1","https://fbref.com/en/matches/d3b2f56c/Qatar-Afghanistan-November-16-2023-WCQ----AFC-M","Qatar","Home",48,FALSE,1,"Penalty","Almoez Ali Penalty Kick","6:1",NA,NA,NA,"Almoez Ali",2026
"FIFA World Cup Qualification — AFC","2023-11-16","FIFA World Cup Qualification — AFC (Second round)","Qatar","4-1-4-1",8,NA,"Hassan Al-Haydos · 11&rsquor; Almoez Ali · 15&rsquor; Mostafa Meshaal · 18&rsquor; Almoez Ali · 26&rsquor; Almoez Ali (P) · 33&rsquor; Almoez Ali (P) · 45+3&rsquor; Ahmed Alaaeldin (P) · 53&rsquor; Tameem Mansour · 90+4&rsquor;","0","0","Afghanistan","4-2-2-2",1,NA,"Amredin Sharifi · 13&rsquor; Farzad Ataie · 90+5&rsquor;","6","1","https://fbref.com/en/matches/d3b2f56c/Qatar-Afghanistan-November-16-2023-WCQ----AFC-M","Qatar","Home",53,FALSE,2,"Penalty","Ahmed Alaaeldin Penalty Kick","7:1",NA,NA,NA,"Ahmed Alaaeldin",2026
"FIFA World Cup Qualification — AFC","2023-11-16","FIFA World Cup Qualification — AFC (Second round)","Syria","4-2-2-2",1,NA,"Omar Al Somah (P) · 37&rsquor;","3","0","Korea DPR","4-1-4-1",0,NA,"","1","0","https://fbref.com/en/matches/8fb9a11d/Syria-Korea-DPR-November-16-2023-WCQ----AFC-M","Syria","Home",37,FALSE,1,"Penalty","Omar Al Somah Penalty Kick","1:0",NA,NA,NA,"Omar Al Somah",2026
"FIFA World Cup Qualification — AFC","2023-11-16","FIFA World Cup Qualification — AFC (Second round)","Australia","4-2-3-1",7,NA,"Harry Souttar · 4&rsquor; Brandon Borrello · 20&rsquor; Mitchell Duke · 37&rsquor; Mitchell Duke · 40&rsquor; Jamie Maclaren · 48&rsquor; Jamie Maclaren · 70&rsquor; Jamie Maclaren · 84&rsquor;","1","0","Bangladesh","4-3-1-2",0,NA,"","3","0","https://fbref.com/en/matches/e43c3b06/Australia-Bangladesh-November-16-2023-WCQ----AFC-M","Australia","Home",90,FALSE,2,"Penalty","Massimo Luongo Penalty saved by Mitul Marma","7:0",NA,NA,NA,"Massimo Luongo",2026
"FIFA World Cup Qualification — AFC","2023-11-21","FIFA World Cup Qualification — AFC (Second round)","Bahrain","4-1-4-1",0,NA,"","3","0","United Arab Emirates","4-2-3-1",2,NA,"Abdalla Ramadan · 36&rsquor; Ali Mabkhout (P) · 90&rsquor;","3","0","https://fbref.com/en/matches/af72cd41/Bahrain-United-Arab-Emirates-November-21-2023-WCQ----AFC-M","United Arab Emirates","Away",90,FALSE,2,"Penalty","Ali Mabkhout Penalty Kick","0:2",NA,NA,NA,"Ali Mabkhout",2026
"FIFA World Cup Qualification — AFC","2023-11-21","FIFA World Cup Qualification — AFC (Second round)","China PR","3-4-3",0,NA,"","4","0","Korea Republic","4-2-3-1",3,NA,"Son Heung-min (P) · 11&rsquor; Son Heung-min · 45&rsquor; Jung Seung-hyun · 87&rsquor;","1","0","https://fbref.com/en/matches/d7b8ab3d/China-PR-Korea-Republic-November-21-2023-WCQ----AFC-M","Korea Republic","Away",11,FALSE,1,"Penalty","Son Heung-min Penalty Kick -","0:1",NA,NA,NA,"Son Heung-min",2026
"FIFA World Cup Qualification — AFC","2019-06-07","FIFA World Cup Qualification — AFC (First round), Leg 1 of 2Aggregate: Malaysia 12:2 Timor-LesteMalaysia won on aggregate score over two legs(Leg 2: Timor-Leste 1:5 Malaysia)","Malaysia","4-2-3-1",7,NA,"La'Vere Corbin-Ong · 12&rsquor; Shahrel Fikri · 23&rsquor; Norshahrul Idlan · 43&rsquor; Safawi Rasid · 45&rsquor; Safawi Rasid · 59&rsquor; Faiz Nasir · 78&rsquor; Akhyar Rashid · 89&rsquor;","1","0","Timor-Leste","4-2-2-2",1,NA,"João Pedro · 52&rsquor;","2","0","https://fbref.com/en/matches/ae289ada/Malaysia-Timor-Leste-June-7-2019-WCQ----AFC-M","Malaysia","Home",18,FALSE,1,"Penalty","Safawi Rasid Penalty saved by Aderito Raul Fernandes","1:0",NA,NA,NA,"Safawi Rasid",2022
"FIFA World Cup Qualification — AFC","2019-06-11","FIFA World Cup Qualification — AFC (First round), Leg 2 of 2Aggregate: Timor-Leste 2:12 MalaysiaMalaysia won on aggregate score over two legs(Leg 1: Malaysia 7:1 Timor-Leste)","Timor-Leste","4-2-2-2",1,NA,"Rufino Gama · 72&rsquor;","0","0","Malaysia","4-2-3-1",5,NA,"Shahrel Fikri · 11&rsquor; Shahrel Fikri · 17&rsquor; Mohamadou Sumareh · 37&rsquor; Akhyar Rashid · 55&rsquor; Shahrel Fikri · 64&rsquor;","3","0","https://fbref.com/en/matches/11d8d200/Timor-Leste-Malaysia-June-11-2019-WCQ----AFC-M","Timor-Leste","Home",30,FALSE,1,"Penalty","Joao Pedro Penalty saved by Ifwat Akmal","0:2",NA,NA,NA,"Joao Pedro",2022
"FIFA World Cup Qualification — AFC","2019-06-11","FIFA World Cup Qualification — AFC (First round), Leg 2 of 2Aggregate: Timor-Leste 2:12 MalaysiaMalaysia won on aggregate score over two legs(Leg 1: Malaysia 7:1 Timor-Leste)","Timor-Leste","4-2-2-2",1,NA,"Rufino Gama · 72&rsquor;","0","0","Malaysia","4-2-3-1",5,NA,"Shahrel Fikri · 11&rsquor; Shahrel Fikri · 17&rsquor; Mohamadou Sumareh · 37&rsquor; Akhyar Rashid · 55&rsquor; Shahrel Fikri · 64&rsquor;","3","0","https://fbref.com/en/matches/11d8d200/Timor-Leste-Malaysia-June-11-2019-WCQ----AFC-M","Malaysia","Away",60,FALSE,2,"Penalty","Shahrel Fikri Penalty saved by Aderito Raul Fernandes","0:4",NA,NA,NA,"Shahrel Fikri",2022
"FIFA World Cup Qualification — AFC","2019-09-05","FIFA World Cup Qualification — AFC (Second round)","Philippines","3-1-4-2",2,NA,"Javier Patiño · 7&rsquor; Mike Ott · 84&rsquor;","1","0","Syria","4-2-3-1",5,NA,"Omar Al Somah · 15&rsquor; Khaled Mobayed · 31&rsquor; Firas Al-Khatib (P) · 49&rsquor; Omar Al Somah · 56&rsquor; Mahmoud Al-Mawas · 86&rsquor;","1","0","https://fbref.com/en/matches/5ffe3f1d/Philippines-Syria-September-5-2019-WCQ----AFC-M","Syria","Away",49,FALSE,2,"Penalty","Firas Al-Khatib Penalty Kick","1:3",NA,NA,NA,"Firas Al-Khatib",2022
"FIFA World Cup Qualification — AFC","2019-09-10","FIFA World Cup Qualification — AFC (Second round)","Indonesia","3-4-3",0,NA,"","0","0","Thailand","4-2-3-1",3,NA,"Supachok Sarachat · 56&rsquor; Theerathon Bunmathan (P) · 64&rsquor; Supachok Sarachat · 72&rsquor;","2","0","https://fbref.com/en/matches/e5b34ebe/Indonesia-Thailand-September-10-2019-WCQ----AFC-M","Thailand","Away",64,FALSE,2,"Penalty","Theerathon Bunmathan Penalty Kick","0:2",NA,NA,NA,"Theerathon Bunmathan",2022
"FIFA World Cup Qualification — AFC","2019-09-10","FIFA World Cup Qualification — AFC (Second round)","Maldives","4-2-3-1",0,NA,"Akram Abdul Ghanee · 82&rsquor;","6","1","China PR","4-1-4-1",5,NA,"Wu Xi · 34&rsquor; Wu Lei · 45&rsquor; Yang Xu (P) · 64&rsquor; Elkeson (P) · 83&rsquor; Elkeson · 90+2&rsquor;","2","0","https://fbref.com/en/matches/bd084ca7/Maldives-China-PR-September-10-2019-WCQ----AFC-M","China PR","Away",64,FALSE,2,"Penalty","Yang Xu Penalty Kick","0:3",NA,NA,NA,"Yang Xu",2022
"FIFA World Cup Qualification — AFC","2019-09-10","FIFA World Cup Qualification — AFC (Second round)","Maldives","4-2-3-1",0,NA,"Akram Abdul Ghanee · 82&rsquor;","6","1","China PR","4-1-4-1",5,NA,"Wu Xi · 34&rsquor; Wu Lei · 45&rsquor; Yang Xu (P) · 64&rsquor; Elkeson (P) · 83&rsquor; Elkeson · 90+2&rsquor;","2","0","https://fbref.com/en/matches/bd084ca7/Maldives-China-PR-September-10-2019-WCQ----AFC-M","China PR","Away",83,FALSE,2,"Penalty","Elkeson Penalty Kick","0:4",NA,NA,NA,"Elkeson",2022
"FIFA World Cup Qualification — AFC","2019-10-10","FIFA World Cup Qualification — AFC (Second round)","IR Iran","4-3-1-2",14,NA,"Ahmad Nourollahi · 5&rsquor; Sardar Azmoun · 11&rsquor; Hossein Kanaanizadegan · 18&rsquor; Soeuy Visal (OG) · 22&rsquor; Sardar Azmoun · 35&rsquor; Karim Ansarifard · 40&rsquor; Sardar Azmoun · 44&rsquor; Karim Ansarifard · 48&rsquor; Mehdi Taremi · 54&rsquor; Karim Ansarifard · 60&rsquor; Mohammad Mohebbi · 65&rsquor; Mohammad Mohebbi · 67&rsquor; Mehrdad Mohammadi · 84&rsquor; Karim Ansarifard · 88&rsquor;","1","0","Cambodia","4-2-3-1",0,NA,"","0","0","https://fbref.com/en/matches/42d1c9b3/IR-Iran-Cambodia-October-10-2019-WCQ----AFC-M","Cambodia","Away",47,FALSE,2,"Penalty","Keo Sokpheng Penalty saved by Alireza Beiranvand","7:0",NA,NA,NA,"Keo Sokpheng",2022
"FIFA World Cup Qualification — AFC","2019-10-10","FIFA World Cup Qualification — AFC (Second round)","Oman","4-2-3-1",3,NA,"Abdul Aziz Al-Muqbali · 27&rsquor; Abdul Aziz Al-Muqbali · 38&rsquor; Muhsen Al Ghassani (P) · 60&rsquor;","0","0","Afghanistan","4-1-4-1",0,NA,"","1","0","https://fbref.com/en/matches/3e346188/Oman-Afghanistan-October-10-2019-WCQ----AFC-M","Oman","Home",60,FALSE,2,"Penalty","Muhsen Al Ghassani Penalty Kick","3:0",NA,NA,NA,"Muhsen Al Ghassani",2022
"FIFA World Cup Qualification — AFC","2019-10-10","FIFA World Cup Qualification — AFC (Second round)","Iraq","4-1-4-1",2,NA,"Meme · 37&rsquor; Ali Adnan Kadhim (P) · 79&rsquor;","2","0","Hong Kong","4-1-4-1",0,NA,"","1","0","https://fbref.com/en/matches/8f9ecc00/Iraq-Hong-Kong-October-10-2019-WCQ----AFC-M","Iraq","Home",9,FALSE,1,"Penalty","Meme Penalty saved by Yapp Hung Fai","0:0",NA,NA,NA,"Meme",2022
"FIFA World Cup Qualification — AFC","2019-10-10","FIFA World Cup Qualification — AFC (Second round)","Iraq","4-1-4-1",2,NA,"Meme · 37&rsquor; Ali Adnan Kadhim (P) · 79&rsquor;","2","0","Hong Kong","4-1-4-1",0,NA,"","1","0","https://fbref.com/en/matches/8f9ecc00/Iraq-Hong-Kong-October-10-2019-WCQ----AFC-M","Iraq","Home",79,FALSE,2,"Penalty","Ali Adnan Kadhim Penalty Kick","2:0",NA,NA,NA,"Ali Adnan Kadhim",2022
"FIFA World Cup Qualification — AFC","2019-10-15","FIFA World Cup Qualification — AFC (Second round)","Sri Lanka","5-4-1",0,NA,"","2","0","Lebanon","4-2-3-1",3,NA,"Hassan Maatouk (P) · 15&rsquor; Hilal El-Helwe (P) · 38&rsquor; Hilal El-Helwe · 81&rsquor;","0","0","https://fbref.com/en/matches/96fef4e8/Sri-Lanka-Lebanon-October-15-2019-WCQ----AFC-M","Lebanon","Away",15,FALSE,1,"Penalty","Hassan Maatouk Penalty Kick -","0:1",NA,NA,NA,"Hassan Maatouk",2022
"FIFA World Cup Qualification — AFC","2019-10-15","FIFA World Cup Qualification — AFC (Second round)","Sri Lanka","5-4-1",0,NA,"","2","0","Lebanon","4-2-3-1",3,NA,"Hassan Maatouk (P) · 15&rsquor; Hilal El-Helwe (P) · 38&rsquor; Hilal El-Helwe · 81&rsquor;","0","0","https://fbref.com/en/matches/96fef4e8/Sri-Lanka-Lebanon-October-15-2019-WCQ----AFC-M","Lebanon","Away",38,FALSE,1,"Penalty","Hilal El-Helwe Penalty Kick","0:2",NA,NA,NA,"Hilal El-Helwe",2022
"FIFA World Cup Qualification — AFC","2019-10-15","FIFA World Cup Qualification — AFC (Second round)","Qatar","4-1-4-1",2,NA,"Akram Afif · 3&rsquor; Almoez Ali · 72&rsquor;","1","0","Oman","4-2-3-1",1,NA,"Al-Mandhar Al Alawi · 65&rsquor;","1","0","https://fbref.com/en/matches/a59ca6de/Qatar-Oman-October-15-2019-WCQ----AFC-M","Qatar","Home",26,FALSE,1,"Penalty","Hassan Al-Haydos Penalty Miss","1:0",NA,NA,NA,"Hassan Al-Haydos",2022
"FIFA World Cup Qualification — AFC","2019-11-14","FIFA World Cup Qualification — AFC (Second round)","Myanmar","3-4-3",4,NA,"Suan Lam Mang · 10&rsquor; Suan Lam Mang · 41&rsquor; Aung Thu · 48&rsquor; Maung Maung Lwin · 63&rsquor;","1","0","Tajikistan","4-1-4-1",3,NA,"Manuchekhr Dzhalilov (P) · 36&rsquor; Farkhod Vosiyev · 57&rsquor; Manuchekhr Dzhalilov · 76&rsquor;","2","0","https://fbref.com/en/matches/787bd6f5/Myanmar-Tajikistan-November-14-2019-WCQ----AFC-M","Tajikistan","Away",36,FALSE,1,"Penalty","Manuchekhr Dzhalilov Penalty Kick","1:1",NA,NA,NA,"Manuchekhr Dzhalilov",2022
"FIFA World Cup Qualification — AFC","2019-11-14","FIFA World Cup Qualification — AFC (Second round)","Uzbekistan","4-1-4-1",2,NA,"Eldor Shomurodov · 16&rsquor; Otabek Shukurov (P) · 56&rsquor;","0","0","Saudi Arabia","4-1-4-1",3,NA,"Salman Al-Faraj (P) · 23&rsquor; Salman Al-Faraj · 85&rsquor; Salem Al-Dawsari · 89&rsquor;","2","0","https://fbref.com/en/matches/b63569e7/Uzbekistan-Saudi-Arabia-November-14-2019-WCQ----AFC-M","Saudi Arabia","Away",23,FALSE,1,"Penalty","Salman Al-Faraj Penalty Kick","1:1",NA,NA,NA,"Salman Al-Faraj",2022
"FIFA World Cup Qualification — AFC","2019-11-14","FIFA World Cup Qualification — AFC (Second round)","Uzbekistan","4-1-4-1",2,NA,"Eldor Shomurodov · 16&rsquor; Otabek Shukurov (P) · 56&rsquor;","0","0","Saudi Arabia","4-1-4-1",3,NA,"Salman Al-Faraj (P) · 23&rsquor; Salman Al-Faraj · 85&rsquor; Salem Al-Dawsari · 89&rsquor;","2","0","https://fbref.com/en/matches/b63569e7/Uzbekistan-Saudi-Arabia-November-14-2019-WCQ----AFC-M","Uzbekistan","Home",56,FALSE,2,"Penalty","Otabek Shukurov Penalty Kick","2:1",NA,NA,NA,"Otabek Shukurov",2022
"FIFA World Cup Qualification — AFC","2019-11-14","FIFA World Cup Qualification — AFC (Second round)","Kyrgyz Republic","5-1-3-1",0,NA,"","0","0","Japan","4-2-3-1",2,NA,"Takumi Minamino (P) · 41&rsquor; Genki Haraguchi · 54&rsquor;","1","0","https://fbref.com/en/matches/9b2d823a/Kyrgyz-Republic-Japan-November-14-2019-WCQ----AFC-M","Japan","Away",41,FALSE,1,"Penalty","Takumi Minamino Penalty Kick -","0:1",NA,NA,NA,"Takumi Minamino",2022
"FIFA World Cup Qualification — AFC","2019-11-19","FIFA World Cup Qualification — AFC (Second round)","Afghanistan","4-1-4-1",0,NA,"","1","0","Qatar","4-1-4-1",1,NA,"Akram Afif (P) · 76&rsquor;","3","0","https://fbref.com/en/matches/4c856cdc/Afghanistan-Qatar-November-19-2019-WCQ----AFC-M","Afghanistan","Home",29,FALSE,1,"Penalty","Omran Haydary Penalty saved by Saad Al Sheeb -","0:0",NA,NA,NA,"Omran Haydary",2022
"FIFA World Cup Qualification — AFC","2019-11-19","FIFA World Cup Qualification — AFC (Second round)","Afghanistan","4-1-4-1",0,NA,"","1","0","Qatar","4-1-4-1",1,NA,"Akram Afif (P) · 76&rsquor;","3","0","https://fbref.com/en/matches/4c856cdc/Afghanistan-Qatar-November-19-2019-WCQ----AFC-M","Qatar","Away",76,FALSE,2,"Penalty","Akram Afif Penalty Kick","0:1",NA,NA,NA,"Akram Afif",2022
"FIFA World Cup Qualification — AFC","2019-11-19","FIFA World Cup Qualification — AFC (Second round)","Oman","4-2-3-1",1,NA,"Muhsen Al Ghassani · 33&rsquor;","1","0","India","4-2-3-1",0,NA,"","2","0","https://fbref.com/en/matches/cbcb851d/Oman-India-November-19-2019-WCQ----AFC-M","Oman","Home",7,FALSE,1,"Penalty","Muhsen Al Ghassani Penalty Miss -","0:0",NA,NA,NA,"Muhsen Al Ghassani",2022
"FIFA World Cup Qualification — AFC","2019-11-19","FIFA World Cup Qualification — AFC (Second round)","Malaysia","4-1-4-1",2,NA,"Safawi Rasid · 30&rsquor; Safawi Rasid · 73&rsquor;","1","0","Indonesia","4-1-4-1",0,NA,"","1","0","https://fbref.com/en/matches/22a53223/Malaysia-Indonesia-November-19-2019-WCQ----AFC-M","Indonesia","Away",83,FALSE,2,"Penalty","Osas Saha Penalty saved by Khairulazhan Khalid","2:0",NA,NA,NA,"Osas Saha",2022
"FIFA World Cup Qualification — AFC","2020-12-04","FIFA World Cup Qualification — AFC (Second round)","Qatar","4-2-2-2",5,NA,"Abdulaziz Hatem · 9&rsquor; Akram Afif · 33&rsquor; Almoez Ali (P) · 72&rsquor; Almoez Ali · 78&rsquor; Akram Afif · 90+2&rsquor;","0","0","Bangladesh","4-2-3-1",0,NA,"","1","0","https://fbref.com/en/matches/9c6c602c/Qatar-Bangladesh-December-4-2020-WCQ----AFC-M","Qatar","Home",72,FALSE,2,"Penalty","Almoez Ali Penalty Kick","3:0",NA,NA,NA,"Almoez Ali",2022
"FIFA World Cup Qualification — AFC","2021-03-30","FIFA World Cup Qualification — AFC (Second round)","Saudi Arabia","4-2-3-1",5,NA,"Yasser Al-Shahrani · 37&rsquor; Fahad Al Muwallad · 43&rsquor; Saleh Al-Shehri · 52&rsquor; Saleh Al-Shehri · 58&rsquor; Salem Al-Dawsari (P) · 88&rsquor;","1","0","Palestine","4-2-3-1",0,NA,"","3","0","https://fbref.com/en/matches/64ae101b/Saudi-Arabia-Palestine-March-30-2021-WCQ----AFC-M","Saudi Arabia","Home",88,FALSE,2,"Penalty","Salem Al-Dawsari Penalty Kick","5:0",NA,NA,NA,"Salem Al-Dawsari",2022
"FIFA World Cup Qualification — AFC","2021-05-28","FIFA World Cup Qualification — AFC (Second round)","Japan","4-2-3-1",10,NA,"Takumi Minamino · 8&rsquor; Yuya Osako · 22&rsquor; Yuya Osako (P) · 30&rsquor; Yuya Osako · 36&rsquor; Yuya Osako · 49&rsquor; Hidemasa Morita · 56&rsquor; Takumi Minamino · 66&rsquor; Daichi Kamada · 84&rsquor; Yuya Osako · 88&rsquor; Ko Itakura · 90&rsquor;","1","0","Myanmar","4-1-4-1",0,NA,"","1","0","https://fbref.com/en/matches/35faea27/Japan-Myanmar-May-28-2021-WCQ----AFC-M","Japan","Home",30,FALSE,1,"Penalty","Yuya Osako Penalty Kick","3:0",NA,NA,NA,"Yuya Osako",2022
"FIFA World Cup Qualification — AFC","2021-05-30","FIFA World Cup Qualification — AFC (Second round)","Guam","5-4-1",0,NA,"","2","0","China PR","4-2-2-2",7,NA,"Wu Lei (P) · 20&rsquor; Jin Jingdao · 39&rsquor; Wu Lei · 55&rsquor; Wu Xi · 61&rsquor; Elkeson · 65&rsquor; Alan Carvalho · 83&rsquor; Alan Carvalho · 87&rsquor;","1","0","https://fbref.com/en/matches/0c4ddba8/Guam-China-PR-May-30-2021-WCQ----AFC-M","China PR","Away",20,FALSE,1,"Penalty","Wu Lei Penalty Kick","0:1",NA,NA,NA,"Wu Lei",2022
"FIFA World Cup Qualification — AFC","2021-06-03","FIFA World Cup Qualification — AFC (Second round)","Palestine","4-1-4-1",4,NA,"Tamer Seyam (P) · 20&rsquor; Oday Dabbagh · 23&rsquor; Tamer Seyam (P) · 30&rsquor; Yaser Hamed · 85&rsquor;","2","0","Singapore","4-2-2-2",0,NA,"","1","0","https://fbref.com/en/matches/48dfb797/Palestine-Singapore-June-3-2021-WCQ----AFC-M","Palestine","Home",20,FALSE,1,"Penalty","Tamer Seyam Penalty Kick","1:0",NA,NA,NA,"Tamer Seyam",2022
"FIFA World Cup Qualification — AFC","2021-06-03","FIFA World Cup Qualification — AFC (Second round)","Palestine","4-1-4-1",4,NA,"Tamer Seyam (P) · 20&rsquor; Oday Dabbagh · 23&rsquor; Tamer Seyam (P) · 30&rsquor; Yaser Hamed · 85&rsquor;","2","0","Singapore","4-2-2-2",0,NA,"","1","0","https://fbref.com/en/matches/48dfb797/Palestine-Singapore-June-3-2021-WCQ----AFC-M","Palestine","Home",30,FALSE,1,"Penalty","Tamer Seyam Penalty Kick","3:0",NA,NA,NA,"Tamer Seyam",2022
"FIFA World Cup Qualification — AFC","2021-06-03","FIFA World Cup Qualification — AFC (Second round)","Australia","4-2-3-1",3,NA,"Mathew Leckie · 1&rsquor; Jackson Irvine · 24&rsquor; Ajdin Hrustic · 66&rsquor;","0","0","Kuwait","4-2-3-1",0,NA,"","1","0","https://fbref.com/en/matches/92739367/Australia-Kuwait-June-3-2021-WCQ----AFC-M","Australia","Home",24,FALSE,1,"Penalty","Martin Boyle Penalty saved by Sulaiman Abdulghafoor","1:0",NA,NA,NA,"Martin Boyle",2022
"FIFA World Cup Qualification — AFC","2021-06-04","FIFA World Cup Qualification — AFC (Second round)","Maldives","4-2-3-1",0,NA,"","0","0","Syria","3-4-3",4,NA,"Mahmoud Al-Mawas · 29&rsquor; Aias Aosman (P) · 34&rsquor; Mahmoud Al-Mawas (P) · 45+3&rsquor; Mahmoud Al-Mawas (P) · 72&rsquor; Moayad Ajan · 85&rsquor;","6","1","https://fbref.com/en/matches/03527f41/Maldives-Syria-June-4-2021-WCQ----AFC-M","Syria","Away",34,FALSE,1,"Penalty","Aias Aosman Penalty Kick","0:2",NA,NA,NA,"Aias Aosman",2022
"FIFA World Cup Qualification — AFC","2021-06-04","FIFA World Cup Qualification — AFC (Second round)","Maldives","4-2-3-1",0,NA,"","0","0","Syria","3-4-3",4,NA,"Mahmoud Al-Mawas · 29&rsquor; Aias Aosman (P) · 34&rsquor; Mahmoud Al-Mawas (P) · 45+3&rsquor; Mahmoud Al-Mawas (P) · 72&rsquor; Moayad Ajan · 85&rsquor;","6","1","https://fbref.com/en/matches/03527f41/Maldives-Syria-June-4-2021-WCQ----AFC-M","Syria","Away",48,FALSE,1,"Penalty","Mahmoud Al-Mawas Penalty Kick","0:3",NA,NA,NA,"Mahmoud Al-Mawas",2022
"FIFA World Cup Qualification — AFC","2021-06-04","FIFA World Cup Qualification — AFC (Second round)","Maldives","4-2-3-1",0,NA,"","0","0","Syria","3-4-3",4,NA,"Mahmoud Al-Mawas · 29&rsquor; Aias Aosman (P) · 34&rsquor; Mahmoud Al-Mawas (P) · 45+3&rsquor; Mahmoud Al-Mawas (P) · 72&rsquor; Moayad Ajan · 85&rsquor;","6","1","https://fbref.com/en/matches/03527f41/Maldives-Syria-June-4-2021-WCQ----AFC-M","Syria","Away",72,FALSE,2,"Penalty","Mahmoud Al-Mawas Penalty Kick","0:4",NA,NA,NA,"Mahmoud Al-Mawas",2022
"FIFA World Cup Qualification — AFC","2021-06-05","FIFA World Cup Qualification — AFC (Second round)","Lebanon","4-2-3-1",3,NA,"Joan Oumari · 11&rsquor; Mohamad Kdouh · 17&rsquor; Joan Oumari · 45&rsquor;","1","0","Sri Lanka","3-4-3",2,NA,"Ahmed Waseem Razeek · 9&rsquor; Ahmed Waseem Razeek (P) · 62&rsquor;","3","0","https://fbref.com/en/matches/2ef8d8f6/Lebanon-Sri-Lanka-June-5-2021-WCQ----AFC-M","Sri Lanka","Away",62,FALSE,2,"Penalty","Ahmed Waseem Razeek Penalty Kick","3:2",NA,NA,NA,"Ahmed Waseem Razeek",2022
"FIFA World Cup Qualification — AFC","2021-06-07","FIFA World Cup Qualification — AFC (Second round)","Iraq","4-1-3-2",4,NA,"Meme · 1&rsquor; Bashar Resan · 23&rsquor; Ali Adnan Kadhim (P) · 27&rsquor; Safaa Hadi · 90+3&rsquor;","2","0","Cambodia","4-2-3-1",1,NA,"Soeuy Visal · 56&rsquor;","2","0","https://fbref.com/en/matches/0487bc5b/Iraq-Cambodia-June-7-2021-WCQ----AFC-M","Iraq","Home",27,FALSE,1,"Penalty","Ali Adnan Kadhim Penalty Kick","3:0",NA,NA,NA,"Ali Adnan Kadhim",2022
"FIFA World Cup Qualification — AFC","2021-06-07","FIFA World Cup Qualification — AFC (Second round)","Nepal","4-1-4-1",0,NA,"","1","0","Jordan","4-2-2-2",3,NA,"Baha' Faisal (P) · 24&rsquor; Baha' Faisal · 49&rsquor; Yazan Al Arab · 67&rsquor;","1","0","https://fbref.com/en/matches/35ad239a/Nepal-Jordan-June-7-2021-WCQ----AFC-M","Jordan","Away",24,FALSE,1,"Penalty","Baha' Faisal Penalty Kick -","0:1",NA,NA,NA,"Baha' Faisal",2022
"FIFA World Cup Qualification — AFC","2021-06-07","FIFA World Cup Qualification — AFC (Second round)","Oman","4-3-1-2",0,NA,"","0","0","Qatar","3-3-2-2",1,NA,"Hassan Al-Haydos (P) · 40&rsquor;","2","0","https://fbref.com/en/matches/5d0fd958/Oman-Qatar-June-7-2021-WCQ----AFC-M","Qatar","Away",40,FALSE,1,"Penalty","Hassan Al-Haydos Penalty Kick","0:1",NA,NA,NA,"Hassan Al-Haydos",2022
"FIFA World Cup Qualification — AFC","2021-06-07","FIFA World Cup Qualification — AFC (Second round)","China PR","4-1-4-1",2,NA,"Wu Lei (P) · 56&rsquor; Wu Xinghan · 65&rsquor;","0","0","Philippines","4-1-4-1",0,NA,"","3","0","https://fbref.com/en/matches/575c7101/China-PR-Philippines-June-7-2021-WCQ----AFC-M","China PR","Home",56,FALSE,2,"Penalty","Wu Lei Penalty Kick","1:0",NA,NA,NA,"Wu Lei",2022
"FIFA World Cup Qualification — AFC","2021-06-07","FIFA World Cup Qualification — AFC (Second round)","Australia","4-2-2-2",5,NA,"Harry Souttar · 11&rsquor; Jamie Maclaren (P) · 27&rsquor; Trent Sainsbury · 41&rsquor; Mitchell Duke · 46&rsquor; Mitchell Duke · 84&rsquor;","0","0","Chinese Taipei","5-4-1",1,NA,"Gao Wei-jie · 62&rsquor;","1","0","https://fbref.com/en/matches/f4e3376a/Australia-Chinese-Taipei-June-7-2021-WCQ----AFC-M","Australia","Home",27,FALSE,1,"Penalty","Jamie Maclaren Penalty Kick","2:0",NA,NA,NA,"Jamie Maclaren",2022
"FIFA World Cup Qualification — AFC","2021-06-11","FIFA World Cup Qualification — AFC (Second round)","Cambodia","5-3-2",0,NA,"","2","0","IR Iran","4-4-2",10,NA,"Alireza Jahanbakhsh (P) · 15&rsquor; Shoja' Khalilzadeh · 23&rsquor; Mehdi Taremi · 27&rsquor; Sor Rotana (OG) · 32&rsquor; Milad Mohammadi · 58&rsquor; Morteza Pouraliganji · 63&rsquor; Karim Ansarifard (P) · 77&rsquor; Kaveh Rezaei · 80&rsquor; Mehdi Ghaedi · 84&rsquor; Kaveh Rezaei · 86&rsquor;","0","0","https://fbref.com/en/matches/f35af29c/Cambodia-IR-Iran-June-11-2021-WCQ----AFC-M","IR Iran","Away",15,FALSE,1,"Penalty","Alireza Jahanbakhsh Penalty Kick -","0:1",NA,NA,NA,"Alireza Jahanbakhsh",2022
"FIFA World Cup Qualification — AFC","2021-06-11","FIFA World Cup Qualification — AFC (Second round)","Cambodia","5-3-2",0,NA,"","2","0","IR Iran","4-4-2",10,NA,"Alireza Jahanbakhsh (P) · 15&rsquor; Shoja' Khalilzadeh · 23&rsquor; Mehdi Taremi · 27&rsquor; Sor Rotana (OG) · 32&rsquor; Milad Mohammadi · 58&rsquor; Morteza Pouraliganji · 63&rsquor; Karim Ansarifard (P) · 77&rsquor; Kaveh Rezaei · 80&rsquor; Mehdi Ghaedi · 84&rsquor; Kaveh Rezaei · 86&rsquor;","0","0","https://fbref.com/en/matches/f35af29c/Cambodia-IR-Iran-June-11-2021-WCQ----AFC-M","IR Iran","Away",45,FALSE,1,"Penalty","Saeid Ezatolahi Penalty Miss","0:4",NA,NA,NA,"Saeid Ezatolahi",2022
"FIFA World Cup Qualification — AFC","2021-06-11","FIFA World Cup Qualification — AFC (Second round)","Cambodia","5-3-2",0,NA,"","2","0","IR Iran","4-4-2",10,NA,"Alireza Jahanbakhsh (P) · 15&rsquor; Shoja' Khalilzadeh · 23&rsquor; Mehdi Taremi · 27&rsquor; Sor Rotana (OG) · 32&rsquor; Milad Mohammadi · 58&rsquor; Morteza Pouraliganji · 63&rsquor; Karim Ansarifard (P) · 77&rsquor; Kaveh Rezaei · 80&rsquor; Mehdi Ghaedi · 84&rsquor; Kaveh Rezaei · 86&rsquor;","0","0","https://fbref.com/en/matches/f35af29c/Cambodia-IR-Iran-June-11-2021-WCQ----AFC-M","IR Iran","Away",77,FALSE,2,"Penalty","Karim Ansarifard Penalty Kick","0:7",NA,NA,NA,"Karim Ansarifard",2022
"FIFA World Cup Qualification — AFC","2021-06-11","FIFA World Cup Qualification — AFC (Second round)","Malaysia","4-1-4-1",1,NA,"Guilherme de Paula Lucrecio (P) · 72&rsquor;","5","0","Vietnam","3-4-3",2,NA,"Nguy<U+1EC5>n Ti<U+1EBF>n Linh · 27&rsquor; Qu<U+1EBF> Ng<U+1ECD>c H<U+1EA3>i (P) · 82&rsquor;","0","0","https://fbref.com/en/matches/7d2a1c80/Malaysia-Vietnam-June-11-2021-WCQ----AFC-M","Malaysia","Home",72,FALSE,2,"Penalty","Guilherme de Paula Lucrecio Penalty Kick","1:1",NA,NA,NA,"Guilherme de Paula Lucrecio",2022
"FIFA World Cup Qualification — AFC","2021-06-11","FIFA World Cup Qualification — AFC (Second round)","Malaysia","4-1-4-1",1,NA,"Guilherme de Paula Lucrecio (P) · 72&rsquor;","5","0","Vietnam","3-4-3",2,NA,"Nguy<U+1EC5>n Ti<U+1EBF>n Linh · 27&rsquor; Qu<U+1EBF> Ng<U+1ECD>c H<U+1EA3>i (P) · 82&rsquor;","0","0","https://fbref.com/en/matches/7d2a1c80/Malaysia-Vietnam-June-11-2021-WCQ----AFC-M","Vietnam","Away",82,FALSE,2,"Penalty","Que Ngoc Hai Penalty Kick","1:2",NA,NA,NA,"Que Ngoc Hai",2022
"FIFA World Cup Qualification — AFC","2021-06-11","FIFA World Cup Qualification — AFC (Second round)","Indonesia","5-4-1",0,NA,"","1","0","United Arab Emirates","4-2-3-1",5,NA,"Ali Mabkhout · 22&rsquor; Fábio Virginio de Lima · 28&rsquor; Ali Mabkhout (P) · 49&rsquor; Fábio Virginio de Lima · 55&rsquor; Sebastián Tagliabué · 86&rsquor;","0","0","https://fbref.com/en/matches/f2bf9025/Indonesia-United-Arab-Emirates-June-11-2021-WCQ----AFC-M","Indonesia","Home",39,FALSE,1,"Penalty","Evan Dimas Penalty saved by Ali Khasif","0:2",NA,NA,NA,"Evan Dimas",2022
"FIFA World Cup Qualification — AFC","2021-06-11","FIFA World Cup Qualification — AFC (Second round)","Indonesia","5-4-1",0,NA,"","1","0","United Arab Emirates","4-2-3-1",5,NA,"Ali Mabkhout · 22&rsquor; Fábio Virginio de Lima · 28&rsquor; Ali Mabkhout (P) · 49&rsquor; Fábio Virginio de Lima · 55&rsquor; Sebastián Tagliabué · 86&rsquor;","0","0","https://fbref.com/en/matches/f2bf9025/Indonesia-United-Arab-Emirates-June-11-2021-WCQ----AFC-M","United Arab Emirates","Away",49,FALSE,2,"Penalty","Ali Mabkhout Penalty Kick","0:3",NA,NA,NA,"Ali Mabkhout",2022
"FIFA World Cup Qualification — AFC","2021-06-11","FIFA World Cup Qualification — AFC (Second round)","Yemen","4-2-3-1",0,NA,"","3","0","Uzbekistan","4-1-4-1",1,NA,"Jaloliddin Masharipov (P) · 19&rsquor;","2","0","https://fbref.com/en/matches/b60bcaf0/Yemen-Uzbekistan-June-11-2021-WCQ----AFC-M","Uzbekistan","Away",19,FALSE,1,"Penalty","Jaloliddin Masharipov Penalty Kick","0:1",NA,NA,NA,"Jaloliddin Masharipov",2022
"FIFA World Cup Qualification — AFC","2021-06-11","FIFA World Cup Qualification — AFC (Second round)","Yemen","4-2-3-1",0,NA,"","3","0","Uzbekistan","4-1-4-1",1,NA,"Jaloliddin Masharipov (P) · 19&rsquor;","2","0","https://fbref.com/en/matches/b60bcaf0/Yemen-Uzbekistan-June-11-2021-WCQ----AFC-M","Uzbekistan","Away",82,FALSE,2,"Penalty","Odil Ahmedov Penalty saved by Mohammed Aman","0:1",NA,NA,NA,"Odil Ahmedov",2022
"FIFA World Cup Qualification — AFC","2021-06-13","FIFA World Cup Qualification — AFC (Second round)","Korea Republic","4-2-3-1",2,NA,"Maher Sabra (OG) · 51&rsquor; Son Heung-min (P) · 66&rsquor;","0","0","Lebanon","4-2-3-1",1,NA,"Soony Saad · 12&rsquor;","0","0","https://fbref.com/en/matches/e80defca/Korea-Republic-Lebanon-June-13-2021-WCQ----AFC-M","Korea Republic","Home",66,FALSE,2,"Penalty","Son Heung-min Penalty Kick","2:1",NA,NA,NA,"Son Heung-min",2022
"FIFA World Cup Qualification — AFC","2021-06-15","FIFA World Cup Qualification — AFC (Second round)","Japan","4-2-3-1",5,NA,"Ado Onaiwu (P) · 27&rsquor; Ado Onaiwu · 31&rsquor; Ado Onaiwu · 33&rsquor; Sho Sasaki · 72&rsquor; Takuma Asano · 77&rsquor;","0","0","Kyrgyz Republic","5-1-3-1",1,NA,"Mirlan Murzaev (P) · 45+2&rsquor;","3","0","https://fbref.com/en/matches/8e62935f/Japan-Kyrgyz-Republic-June-15-2021-WCQ----AFC-M","Japan","Home",27,FALSE,1,"Penalty","Ado Onaiwu Penalty Kick","1:0",NA,NA,NA,"Ado Onaiwu",2022
"FIFA World Cup Qualification — AFC","2021-06-15","FIFA World Cup Qualification — AFC (Second round)","Japan","4-2-3-1",5,NA,"Ado Onaiwu (P) · 27&rsquor; Ado Onaiwu · 31&rsquor; Ado Onaiwu · 33&rsquor; Sho Sasaki · 72&rsquor; Takuma Asano · 77&rsquor;","0","0","Kyrgyz Republic","5-1-3-1",1,NA,"Mirlan Murzaev (P) · 45+2&rsquor;","3","0","https://fbref.com/en/matches/8e62935f/Japan-Kyrgyz-Republic-June-15-2021-WCQ----AFC-M","Kyrgyz Republic","Away",47,FALSE,1,"Penalty","Mirlan Murzaev Penalty Kick","3:1",NA,NA,NA,"Mirlan Murzaev",2022
"FIFA World Cup Qualification — AFC","2021-06-15","FIFA World Cup Qualification — AFC (Second round)","Bahrain","4-1-4-1",4,NA,"Sayed Saeed · 49&rsquor; Hashim Sayed Isa (P) · 54&rsquor; Yapp Hung Fai (OG) · 70&rsquor; Ismail Abdullatif (P) · 90&rsquor;","0","0","Hong Kong","5-4-1",0,NA,"","1","0","https://fbref.com/en/matches/4abba5ce/Bahrain-Hong-Kong-June-15-2021-WCQ----AFC-M","Bahrain","Home",54,FALSE,2,"Penalty","Hashim Sayed Isa Penalty Kick","2:0",NA,NA,NA,"Hashim Sayed Isa",2022
"FIFA World Cup Qualification — AFC","2021-06-15","FIFA World Cup Qualification — AFC (Second round)","Bahrain","4-1-4-1",4,NA,"Sayed Saeed · 49&rsquor; Hashim Sayed Isa (P) · 54&rsquor; Yapp Hung Fai (OG) · 70&rsquor; Ismail Abdullatif (P) · 90&rsquor;","0","0","Hong Kong","5-4-1",0,NA,"","1","0","https://fbref.com/en/matches/4abba5ce/Bahrain-Hong-Kong-June-15-2021-WCQ----AFC-M","Bahrain","Home",90,FALSE,2,"Penalty","Ismail Abdullatif Penalty Kick","4:0",NA,NA,NA,"Ismail Abdullatif",2022
"FIFA World Cup Qualification — AFC","2021-06-15","FIFA World Cup Qualification — AFC (Second round)","Thailand","4-2-3-1",0,NA,"","2","0","Malaysia","4-1-4-1",1,NA,"Safawi Rasid (P) · 52&rsquor;","3","0","https://fbref.com/en/matches/a75e3e2b/Thailand-Malaysia-June-15-2021-WCQ----AFC-M","Malaysia","Away",52,FALSE,2,"Penalty","Safawi Rasid Penalty Kick","0:1",NA,NA,NA,"Safawi Rasid",2022
"FIFA World Cup Qualification — AFC","2021-06-15","FIFA World Cup Qualification — AFC (Second round)","United Arab Emirates","4-2-3-1",3,NA,"Ali Salmeen · 32&rsquor; Ali Mabkhout (P) · 40&rsquor; Mahmoud Khamees · 50&rsquor;","0","0","Vietnam","3-4-3",2,NA,"Nguy<U+1EC5>n Ti<U+1EBF>n Linh · 85&rsquor; Tr<U+1EA7>n Minh Vuong · 90+3&rsquor;","1","0","https://fbref.com/en/matches/b515cc06/United-Arab-Emirates-Vietnam-June-15-2021-WCQ----AFC-M","United Arab Emirates","Home",40,FALSE,1,"Penalty","Ali Mabkhout Penalty Kick","2:0",NA,NA,NA,"Ali Mabkhout",2022
"FIFA World Cup Qualification — AFC","2021-06-15","FIFA World Cup Qualification — AFC (Second round)","China PR","4-2-2-2",3,NA,"Zhang Xizhe · 43&rsquor; Wu Lei (P) · 69&rsquor; Zhang Yuning · 90+3&rsquor;","1","0","Syria","3-3-2-2",1,NA,"Aias Aosman · 50&rsquor;","2","0","https://fbref.com/en/matches/6b338e6d/China-PR-Syria-June-15-2021-WCQ----AFC-M","China PR","Home",69,FALSE,2,"Penalty","Wu Lei Penalty Kick","2:1",NA,NA,NA,"Wu Lei",2022
"FIFA World Cup Qualification — AFC","2021-09-02","FIFA World Cup Qualification — AFC (Third round)","Saudi Arabia","4-3-2-1",3,NA,"Salem Al-Dawsari (P) · 55&rsquor; Yasser Al-Shahrani · 67&rsquor; Saleh Al-Shehri (P) · 79&rsquor;","0","0","Vietnam","4-1-4-1",1,NA,"Nguy<U+1EC5>n Quang H<U+1EA3>i · 3&rsquor; Ð<U+1ED7> Duy M<U+1EA1>nh · 54&rsquor;","4","1","https://fbref.com/en/matches/306fabd0/Saudi-Arabia-Vietnam-September-2-2021-WCQ----AFC-M","Saudi Arabia","Home",55,FALSE,2,"Penalty","Salem Al-Dawsari Penalty Kick","1:1",NA,NA,NA,"Salem Al-Dawsari",2022
"FIFA World Cup Qualification — AFC","2021-09-02","FIFA World Cup Qualification — AFC (Third round)","Saudi Arabia","4-3-2-1",3,NA,"Salem Al-Dawsari (P) · 55&rsquor; Yasser Al-Shahrani · 67&rsquor; Saleh Al-Shehri (P) · 79&rsquor;","0","0","Vietnam","4-1-4-1",1,NA,"Nguy<U+1EC5>n Quang H<U+1EA3>i · 3&rsquor; Ð<U+1ED7> Duy M<U+1EA1>nh · 54&rsquor;","4","1","https://fbref.com/en/matches/306fabd0/Saudi-Arabia-Vietnam-September-2-2021-WCQ----AFC-M","Saudi Arabia","Home",79,FALSE,2,"Penalty","Saleh Al-Shehri Penalty Kick","3:1",NA,NA,NA,"Saleh Al-Shehri",2022
"FIFA World Cup Qualification — AFC","2021-10-07","FIFA World Cup Qualification — AFC (Third round)","United Arab Emirates","4-1-4-1",0,NA,"","3","0","IR Iran","4-2-2-2",1,NA,"Mehdi Taremi · 70&rsquor;","1","0","https://fbref.com/en/matches/d6e9b4da/United-Arab-Emirates-IR-Iran-October-7-2021-WCQ----AFC-M","IR Iran","Away",90,FALSE,2,"Penalty","Sardar Azmoun Penalty saved by Ali Khasif","0:1",NA,NA,NA,"Sardar Azmoun",2022
"FIFA World Cup Qualification — AFC","2021-10-12","FIFA World Cup Qualification — AFC (Third round)","Oman","4-1-4-1",3,NA,"Issam Al Sabhi · 45+1&rsquor; Mohsin Al-Khaldi · 49&rsquor; Salaah Al Yahyaei (P) · 63&rsquor;","1","0","Vietnam","3-4-3",1,NA,"Nguy<U+1EC5>n Ti<U+1EBF>n Linh · 40&rsquor;","2","0","https://fbref.com/en/matches/5562e8ef/Oman-Vietnam-October-12-2021-WCQ----AFC-M","Oman","Home",16,FALSE,1,"Penalty","Mohsin Al-Khaldi Penalty Miss -","0:0",NA,NA,NA,"Mohsin Al-Khaldi",2022
"FIFA World Cup Qualification — AFC","2021-10-12","FIFA World Cup Qualification — AFC (Third round)","Oman","4-1-4-1",3,NA,"Issam Al Sabhi · 45+1&rsquor; Mohsin Al-Khaldi · 49&rsquor; Salaah Al Yahyaei (P) · 63&rsquor;","1","0","Vietnam","3-4-3",1,NA,"Nguy<U+1EC5>n Ti<U+1EBF>n Linh · 40&rsquor;","2","0","https://fbref.com/en/matches/5562e8ef/Oman-Vietnam-October-12-2021-WCQ----AFC-M","Oman","Home",63,FALSE,2,"Penalty","Salaah Al Yahyaei Penalty Kick","3:1",NA,NA,NA,"Salaah Al Yahyaei",2022
"FIFA World Cup Qualification — AFC","2021-11-11","FIFA World Cup Qualification — AFC (Third round)","Iraq","3-3-2-2",1,NA,"Amir Al Ammari (P) · 86&rsquor;","2","0","Syria","4-2-2-2",1,NA,"Omar Al Somah · 79&rsquor;","3","0","https://fbref.com/en/matches/e581ea44/Iraq-Syria-November-11-2021-WCQ----AFC-M","Iraq","Home",86,FALSE,2,"Penalty","Amir Al Ammari Penalty Kick","1:1",NA,NA,NA,"Amir Al Ammari",2022
"FIFA World Cup Qualification — AFC","2021-11-16","FIFA World Cup Qualification — AFC (Third round)","Lebanon","4-1-4-1",0,NA,"","0","0","United Arab Emirates","4-3-3",1,NA,"Ali Mabkhout (P) · 85&rsquor;","2","0","https://fbref.com/en/matches/c69e9baa/Lebanon-United-Arab-Emirates-November-16-2021-WCQ----AFC-M","United Arab Emirates","Away",85,FALSE,2,"Penalty","Ali Mabkhout Penalty Kick","0:1",NA,NA,NA,"Ali Mabkhout",2022
"FIFA World Cup Qualification — AFC","2021-11-16","FIFA World Cup Qualification — AFC (Third round)","Syria","4-4-1-1",0,NA,"","1","0","IR Iran","4-1-4-1",3,NA,"Sardar Azmoun · 33&rsquor; Ehsan Hajsafi (P) · 42&rsquor; Ali Gholizadeh · 89&rsquor;","0","0","https://fbref.com/en/matches/23a6d470/Syria-IR-Iran-November-16-2021-WCQ----AFC-M","IR Iran","Away",42,FALSE,1,"Penalty","Ehsan Hajsafi Penalty Kick","0:2",NA,NA,NA,"Ehsan Hajsafi",2022
"FIFA World Cup Qualification — AFC","2021-11-16","FIFA World Cup Qualification — AFC (Third round)","Iraq","4-2-3-1",0,NA,"","1","0","Korea Republic","4-2-3-1",3,NA,"Lee Jae-sung · 33&rsquor; Son Heung-min (P) · 74&rsquor; Jeong Woo-yeong · 80&rsquor;","1","0","https://fbref.com/en/matches/7d1bb48f/Iraq-Korea-Republic-November-16-2021-WCQ----AFC-M","Korea Republic","Away",74,FALSE,2,"Penalty","Son Heung-min Penalty Kick","0:2",NA,NA,NA,"Son Heung-min",2022
"FIFA World Cup Qualification — AFC","2021-11-16","FIFA World Cup Qualification — AFC (Third round)","China PR","4-2-2-2",1,NA,"Wu Lei (P) · 71&rsquor;","1","0","Australia","4-1-4-1",1,NA,"Mitchell Duke · 39&rsquor;","1","0","https://fbref.com/en/matches/7e6f4f3f/China-PR-Australia-November-16-2021-WCQ----AFC-M","China PR","Home",71,FALSE,2,"Penalty","Wu Lei Penalty Kick","1:1",NA,NA,NA,"Wu Lei",2022
"FIFA World Cup Qualification — AFC","2022-01-27","FIFA World Cup Qualification — AFC (Third round)","Japan","4-1-4-1",2,NA,"Yuya Osako (P) · 13&rsquor; Junya Ito · 61&rsquor;","0","0","China PR","4-2-3-1",0,NA,"","1","0","https://fbref.com/en/matches/377b7af0/Japan-China-PR-January-27-2022-WCQ----AFC-M","Japan","Home",13,FALSE,1,"Penalty","Yuya Osako Penalty Kick -","1:0",NA,NA,NA,"Yuya Osako",2022
"FIFA World Cup Qualification — AFC","2022-02-01","FIFA World Cup Qualification — AFC (Third round)","Oman","4-2-3-1",2,NA,"Abdullah Fawaz · 54&rsquor; Abdullah Fawaz (P) · 89&rsquor;","2","0","Australia","4-2-3-1",2,NA,"Jamie Maclaren (P) · 15&rsquor; Aaron Mooy · 79&rsquor;","1","0","https://fbref.com/en/matches/6a7c0b31/Oman-Australia-February-1-2022-WCQ----AFC-M","Australia","Away",15,FALSE,1,"Penalty","Jamie Maclaren Penalty Kick","0:1",NA,NA,NA,"Jamie Maclaren",2022
"FIFA World Cup Qualification — AFC","2022-02-01","FIFA World Cup Qualification — AFC (Third round)","Oman","4-2-3-1",2,NA,"Abdullah Fawaz · 54&rsquor; Abdullah Fawaz (P) · 89&rsquor;","2","0","Australia","4-2-3-1",2,NA,"Jamie Maclaren (P) · 15&rsquor; Aaron Mooy · 79&rsquor;","1","0","https://fbref.com/en/matches/6a7c0b31/Oman-Australia-February-1-2022-WCQ----AFC-M","Oman","Home",89,FALSE,2,"Penalty","Abdullah Fawaz Penalty Kick","2:2",NA,NA,NA,"Abdullah Fawaz",2022
"FIFA World Cup Qualification — AFC","2022-03-24","FIFA World Cup Qualification — AFC (Third round)","Lebanon","4-2-3-1",0,NA,"","1","0","Syria","4-2-3-1",3,NA,"Alaa Al Dali · 14&rsquor; Mardik Mardikian (P) · 38&rsquor; Mohammad Marmour · 44&rsquor;","3","0","https://fbref.com/en/matches/d3a1d962/Lebanon-Syria-March-24-2022-WCQ----AFC-M","Syria","Away",38,FALSE,1,"Penalty","Mardik Mardikian Penalty Kick","0:2",NA,NA,NA,"Mardik Mardikian",2022
"FIFA World Cup Qualification — AFC","2022-03-24","FIFA World Cup Qualification — AFC (Third round)","China PR","5-4-1",1,NA,"Zhu Chenjie (P) · 82&rsquor;","3","0","Saudi Arabia","4-2-3-1",1,NA,"Saleh Al-Shehri · 45+1&rsquor;","1","0","https://fbref.com/en/matches/e2a8f464/China-PR-Saudi-Arabia-March-24-2022-WCQ----AFC-M","China PR","Home",82,FALSE,2,"Penalty","Zhu Chenjie Penalty Kick","1:1",NA,NA,NA,"Zhu Chenjie",2022
"FIFA World Cup Qualification — AFC","2022-03-29","FIFA World Cup Qualification — AFC (Third round)","Saudi Arabia","4-2-3-1",1,NA,"Salem Al-Dawsari (P) · 65&rsquor;","0","0","Australia","4-2-2-2",0,NA,"","0","0","https://fbref.com/en/matches/7a9f89cc/Saudi-Arabia-Australia-March-29-2022-WCQ----AFC-M","Saudi Arabia","Home",65,FALSE,2,"Penalty","Salem Al-Dawsari Penalty Kick","1:0",NA,NA,NA,"Salem Al-Dawsari",2022
"FIFA World Cup","2022-11-20","FIFA World Cup (Group stage)","Qatar","5-3-2",0,0.3,"","4","0","Ecuador","4-4-2",2,1.2,"Enner Valencia (P) · 16&rsquor; Enner Valencia · 31&rsquor;","2","0","https://fbref.com/en/matches/1b2886ce/Qatar-Ecuador-November-20-2022-World-Cup","Ecuador","Away",16,FALSE,1,"Penalty","Enner Valencia Penalty Kick","0:1",NA,NA,NA,"Enner Valencia",2022
"FIFA World Cup","2022-11-21","FIFA World Cup (Group stage)","England","4-2-3-1",6,2.1,"Jude Bellingham · 35&rsquor; Bukayo Saka · 43&rsquor; Raheem Sterling · 45+1&rsquor; Bukayo Saka · 62&rsquor; Marcus Rashford · 71&rsquor; Jack Grealish · 90&rsquor;","0","0","IR Iran","5-4-1",2,1.4,"Mehdi Taremi · 65&rsquor; Mehdi Taremi (P) · 90+13&rsquor;","2","0","https://fbref.com/en/matches/d8a472c1/England-IR-Iran-November-21-2022-World-Cup","IR Iran","Away",103,FALSE,2,"Penalty","Mehdi Taremi Penalty Kick","6:2",NA,NA,NA,"Mehdi Taremi",2022
"FIFA World Cup","2022-11-23","FIFA World Cup (Group stage)","Germany","4-2-3-1",1,3.1,"Ilkay Gündogan (P) · 33&rsquor;","0","0","Japan","4-2-3-1",2,1.5,"Ritsu Doan · 75&rsquor; Takuma Asano · 83&rsquor;","0","0","https://fbref.com/en/matches/a3556b5a/Germany-Japan-November-23-2022-World-Cup","Germany","Home",33,FALSE,1,"Penalty","Ilkay Gundogan Penalty Kick -","1:0",NA,NA,NA,"Ilkay Gundogan",2022
